{
  "items": [
    {
      "tags": [
        "javascript",
        "php",
        "jquery",
        "html",
        "css"
      ],
      "owner": {
        "reputation": 1,
        "user_id": 8721033,
        "user_type": "registered",
        "profile_image": "https://www.gravatar.com/avatar/93cfa7973b584f2c9965e11543eb9cdb?s=128&d=identicon&r=PG&f=1",
        "display_name": "Revati",
        "link": "https://stackoverflow.com/users/8721033/revati"
      },
      "is_answered": false,
      "view_count": 15,
      "answer_count": 2,
      "score": 0,
      "last_activity_date": 1507130830,
      "creation_date": 1507130641,
      "question_id": 46568554,
      "link": "https://stackoverflow.com/questions/46568554/show-div-on-button-click-but-dynamically",
      "title": "show div on button click but dynamically"
    },
    {
      "tags": [
        "ruby-on-rails",
        "upload",
        "carrierwave",
        "simple-form",
        "cloudinary"
      ],
      "owner": {
        "reputation": 6,
        "user_id": 7924124,
        "user_type": "registered",
        "accept_rate": 0,
        "profile_image": "https://i.stack.imgur.com/xoUo8.jpg?s=128&g=1",
        "display_name": "Tana",
        "link": "https://stackoverflow.com/users/7924124/tana"
      },
      "is_answered": false,
      "view_count": 1,
      "answer_count": 0,
      "score": 0,
      "last_activity_date": 1507130828,
      "creation_date": 1507130828,
      "question_id": 46568618,
      "link": "https://stackoverflow.com/questions/46568618/preview-carrierwave-upload-when-editing-the-photo-before-submit",
      "title": "preview carrierwave upload when editing the photo before submit"
    },
    {
      "tags": [
        "angular",
        "angularjs-material"
      ],
      "owner": {
        "reputation": 1,
        "user_id": 6473639,
        "user_type": "registered",
        "profile_image": "https://lh3.googleusercontent.com/-PmFLItBSzrQ/AAAAAAAAAAI/AAAAAAAAAA4/q0iY3Pr3B9k/photo.jpg?sz=128",
        "display_name": "mohammadali ghanbari",
        "link": "https://stackoverflow.com/users/6473639/mohammadali-ghanbari"
      },
      "is_answered": false,
      "view_count": 14,
      "answer_count": 0,
      "score": 0,
      "last_activity_date": 1507130828,
      "creation_date": 1507018689,
      "last_edit_date": 1507130828,
      "question_id": 46540098,
      "link": "https://stackoverflow.com/questions/46540098/bootstrapping-app-manually-after-getting-some-data",
      "title": "Bootstrapping app manually after getting some data"
    },
    {
      "tags": [
        "c#",
        "wpf",
        "xaml"
      ],
      "owner": {
        "reputation": 5,
        "user_id": 6501892,
        "user_type": "registered",
        "accept_rate": 25,
        "profile_image": "https://www.gravatar.com/avatar/5462dcdd16cfa5884455aed305fc268e?s=128&d=identicon&r=PG&f=1",
        "display_name": "Arrayoob",
        "link": "https://stackoverflow.com/users/6501892/arrayoob"
      },
      "is_answered": true,
      "view_count": 25,
      "accepted_answer_id": 46567345,
      "answer_count": 2,
      "score": 0,
      "last_activity_date": 1507130828,
      "creation_date": 1507126052,
      "last_edit_date": 1507130828,
      "question_id": 46567001,
      "link": "https://stackoverflow.com/questions/46567001/c-wpf-loading-images-from-resources",
      "title": "C# WPF loading images from Resources"
    },
    {
      "tags": [
        "r",
        "shiny"
      ],
      "owner": {
        "reputation": 6,
        "user_id": 7380707,
        "user_type": "registered",
        "profile_image": "https://www.gravatar.com/avatar/07ec6ff9b846c71e9197f273ab2eafb4?s=128&d=identicon&r=PG&f=1",
        "display_name": "MC1277",
        "link": "https://stackoverflow.com/users/7380707/mc1277"
      },
      "is_answered": false,
      "view_count": 7,
      "answer_count": 0,
      "score": 1,
      "last_activity_date": 1507130827,
      "creation_date": 1507130101,
      "last_edit_date": 1507130827,
      "question_id": 46568394,
      "link": "https://stackoverflow.com/questions/46568394/how-to-loop-through-multiple-upload-widegets-in-shiny",
      "title": "How to loop through multiple upload widegets in shiny?"
    },
    {
      "tags": [
        "c++",
        "qt",
        "qml"
      ],
      "owner": {
        "reputation": 32,
        "user_id": 8258001,
        "user_type": "registered",
        "accept_rate": 57,
        "profile_image": "https://www.gravatar.com/avatar/a0d8237cca328f3028ac9030020505d0?s=128&d=identicon&r=PG&f=1",
        "display_name": "OTmn",
        "link": "https://stackoverflow.com/users/8258001/otmn"
      },
      "is_answered": false,
      "view_count": 8,
      "answer_count": 0,
      "score": 1,
      "last_activity_date": 1507130827,
      "creation_date": 1507130092,
      "last_edit_date": 1507130827,
      "question_id": 46568387,
      "link": "https://stackoverflow.com/questions/46568387/managing-graphical-user-interface-with-qml-in-c-app",
      "title": "Managing graphical user interface with qml in c++ app"
    },
    {
      "tags": [
        "javascript",
        "node.js",
        "express"
      ],
      "owner": {
        "reputation": 1458,
        "user_id": 2293679,
        "user_type": "registered",
        "accept_rate": 83,
        "profile_image": "https://i.stack.imgur.com/Kr5s1.png?s=128&g=1",
        "display_name": "&#222;aw",
        "link": "https://stackoverflow.com/users/2293679/%c3%9eaw"
      },
      "is_answered": false,
      "view_count": 2,
      "answer_count": 0,
      "score": 0,
      "last_activity_date": 1507130826,
      "creation_date": 1507130826,
      "question_id": 46568617,
      "link": "https://stackoverflow.com/questions/46568617/is-is-okay-to-include-my-connection-in-all-request-in-nodejs",
      "title": "Is is okay to include my connection in all request in NodeJS?"
    },
    {
      "tags": [
        "android",
        "android-viewpager"
      ],
      "owner": {
        "reputation": 13,
        "user_id": 2765734,
        "user_type": "registered",
        "profile_image": "https://www.gravatar.com/avatar/7839903308fcb598023a13e53cda4805?s=128&d=identicon&r=PG&f=1",
        "display_name": "user2765734",
        "link": "https://stackoverflow.com/users/2765734/user2765734"
      },
      "is_answered": true,
      "view_count": 2278,
      "answer_count": 1,
      "score": 0,
      "last_activity_date": 1507130824,
      "creation_date": 1427672892,
      "question_id": 29336352,
      "link": "https://stackoverflow.com/questions/29336352/viewpager-for-tutorial-when-app-first-starts-only",
      "title": "ViewPager for tutorial when app first starts only"
    },
    {
      "tags": [
        "php",
        "mysql",
        "xampp"
      ],
      "owner": {
        "reputation": 1,
        "user_id": 7817919,
        "user_type": "registered",
        "profile_image": "https://www.gravatar.com/avatar/70c183a29e32ba03ae07b965a5ecc111?s=128&d=identicon&r=PG&f=1",
        "display_name": "Jaymar Enconado",
        "link": "https://stackoverflow.com/users/7817919/jaymar-enconado"
      },
      "is_answered": false,
      "view_count": 2,
      "answer_count": 0,
      "score": 0,
      "last_activity_date": 1507130824,
      "creation_date": 1507130824,
      "question_id": 46568616,
      "link": "https://stackoverflow.com/questions/46568616/what-happen-to-phpmyadmin",
      "title": "What happen to phpmyadmin"
    },
    {
      "tags": [
        "sql",
        "database"
      ],
      "owner": {
        "reputation": 1,
        "user_id": 3830725,
        "user_type": "registered",
        "profile_image": "https://www.gravatar.com/avatar/dd0c1dfc1d9f79ea57528374943b94fe?s=128&d=identicon&r=PG&f=1",
        "display_name": "user3830725",
        "link": "https://stackoverflow.com/users/3830725/user3830725"
      },
      "is_answered": true,
      "view_count": 13,
      "answer_count": 1,
      "score": 0,
      "last_activity_date": 1507130824,
      "creation_date": 1507129683,
      "last_edit_date": 1507130824,
      "question_id": 46568244,
      "link": "https://stackoverflow.com/questions/46568244/database-sql-query-to-get-the-values-based-on-the-minimum-date-of-end-of-month-d",
      "title": "Database sql query to get the values based on the minimum date of end of month data"
    },
    {
      "tags": [
        "c#",
        ".net",
        "winforms"
      ],
      "owner": {
        "reputation": 39,
        "user_id": 7281886,
        "user_type": "registered",
        "accept_rate": 25,
        "profile_image": "https://www.gravatar.com/avatar/31d73d44425ba14b30e46e1b4125b3f9?s=128&d=identicon&r=PG&f=1",
        "display_name": "Ricky L.",
        "link": "https://stackoverflow.com/users/7281886/ricky-l"
      },
      "is_answered": false,
      "view_count": 13,
      "answer_count": 2,
      "score": 0,
      "last_activity_date": 1507130823,
      "creation_date": 1507130569,
      "question_id": 46568531,
      "link": "https://stackoverflow.com/questions/46568531/why-is-my-label-ignoring-new-lines-n-coming-from-the-app-config-file",
      "title": "Why is my Label ignoring new lines ('') coming from the App.config file?"
    },
    {
      "tags": [
        "javascript",
        "object",
        "group-by"
      ],
      "owner": {
        "reputation": 1,
        "user_id": 8720127,
        "user_type": "registered",
        "profile_image": "https://www.gravatar.com/avatar/31bde0775d972627f7d6a1c6a6ccb734?s=128&d=identicon&r=PG&f=1",
        "display_name": "Otti",
        "link": "https://stackoverflow.com/users/8720127/otti"
      },
      "is_answered": false,
      "view_count": 17,
      "answer_count": 0,
      "score": -1,
      "last_activity_date": 1507130821,
      "creation_date": 1507128605,
      "last_edit_date": 1507130821,
      "question_id": 46567911,
      "link": "https://stackoverflow.com/questions/46567911/groupby-in-object-js",
      "title": "groupBy in object JS"
    },
    {
      "tags": [
        "python",
        "python-2.7",
        "sympy"
      ],
      "owner": {
        "reputation": 1,
        "user_id": 8690199,
        "user_type": "registered",
        "profile_image": "https://graph.facebook.com/1431695686879084/picture?type=large",
        "display_name": "Connor Johnson",
        "link": "https://stackoverflow.com/users/8690199/connor-johnson"
      },
      "is_answered": true,
      "view_count": 26,
      "answer_count": 2,
      "score": 0,
      "last_activity_date": 1507130820,
      "creation_date": 1507128667,
      "last_edit_date": 1507130820,
      "question_id": 46567926,
      "link": "https://stackoverflow.com/questions/46567926/is-there-a-way-to-just-print-the-y-when-your-answer-is-x-y",
      "title": "Is there a way to just print the () when your answer is (x, y)?"
    },
    {
      "tags": [
        "javascript",
        "reactjs",
        "antd"
      ],
      "owner": {
        "reputation": 379,
        "user_id": 7750163,
        "user_type": "registered",
        "profile_image": "https://www.gravatar.com/avatar/5f2b163135cf123d8dd534277d1c8cb7?s=128&d=identicon&r=PG&f=1",
        "display_name": "Valera",
        "link": "https://stackoverflow.com/users/7750163/valera"
      },
      "is_answered": false,
      "view_count": 13,
      "answer_count": 1,
      "score": 0,
      "last_activity_date": 1507130818,
      "creation_date": 1507101512,
      "question_id": 46559121,
      "link": "https://stackoverflow.com/questions/46559121/antd-multiple-select-remove-values-that-are-not-in-options-list-anymore",
      "title": "Antd multiple select remove values that are not in options list anymore"
    },
    {
      "tags": [
        "javascript",
        "angularjs"
      ],
      "owner": {
        "reputation": 36,
        "user_id": 7437087,
        "user_type": "registered",
        "accept_rate": 100,
        "profile_image": "https://lh5.googleusercontent.com/-5D-PfT8Y4EQ/AAAAAAAAAAI/AAAAAAAAABY/C59Q4iS5dGU/photo.jpg?sz=128",
        "display_name": "Rui Queir&#243;s",
        "link": "https://stackoverflow.com/users/7437087/rui-queir%c3%b3s"
      },
      "is_answered": false,
      "view_count": 15,
      "answer_count": 1,
      "score": 0,
      "last_activity_date": 1507130817,
      "creation_date": 1507130479,
      "question_id": 46568514,
      "link": "https://stackoverflow.com/questions/46568514/how-to-set-decimal-mask-in-javascript",
      "title": "How to set decimal mask in javascript"
    },
    {
      "tags": [
        "c#"
      ],
      "owner": {
        "reputation": 8,
        "user_id": 7158391,
        "user_type": "registered",
        "profile_image": "https://www.gravatar.com/avatar/ad4d43f723bb1a8e22ebaf2af4bc26f4?s=128&d=identicon&r=PG&f=1",
        "display_name": "NewLearner",
        "link": "https://stackoverflow.com/users/7158391/newlearner"
      },
      "is_answered": false,
      "view_count": 15,
      "answer_count": 2,
      "score": -1,
      "last_activity_date": 1507130815,
      "creation_date": 1507129620,
      "question_id": 46568222,
      "link": "https://stackoverflow.com/questions/46568222/system-io-exception-cannot-access-since-already-used-by-another-process",
      "title": "System IO Exception Cannot access since already used by another process"
    },
    {
      "tags": [
        "jquery",
        "asp.net",
        "vb.net",
        "html-table",
        "ascii"
      ],
      "owner": {
        "reputation": 20,
        "user_id": 3788803,
        "user_type": "registered",
        "accept_rate": 40,
        "profile_image": "https://i.stack.imgur.com/4fOsH.png?s=128&g=1",
        "display_name": "brettwbyron",
        "link": "https://stackoverflow.com/users/3788803/brettwbyron"
      },
      "is_answered": false,
      "view_count": 2,
      "answer_count": 0,
      "score": 0,
      "last_activity_date": 1507130813,
      "creation_date": 1507130813,
      "question_id": 46568611,
      "link": "https://stackoverflow.com/questions/46568611/create-ascii-table-style-form-in-asp-net",
      "title": "Create ASCII table style form in asp.net"
    },
    {
      "tags": [
        "css"
      ],
      "owner": {
        "reputation": 9642,
        "user_id": 282772,
        "user_type": "registered",
        "accept_rate": 57,
        "profile_image": "https://www.gravatar.com/avatar/c66ee7eaf29dea1e0c2ab8b522970e7c?s=128&d=identicon&r=PG",
        "display_name": "Francesco",
        "link": "https://stackoverflow.com/users/282772/francesco"
      },
      "is_answered": false,
      "view_count": 43,
      "closed_date": 1507074169,
      "answer_count": 3,
      "score": -1,
      "last_activity_date": 1507130811,
      "creation_date": 1507042041,
      "last_edit_date": 1507130811,
      "question_id": 46547385,
      "link": "https://stackoverflow.com/questions/46547385/absolute-div-centered-and-responsive",
      "closed_reason": "duplicate",
      "title": "Absolute div centered and responsive?"
    },
    {
      "tags": [
        "php",
        "apache",
        "email",
        "cpu"
      ],
      "owner": {
        "reputation": 97,
        "user_id": 6414306,
        "user_type": "registered",
        "profile_image": "https://www.gravatar.com/avatar/d3d24f39b6149337809bd0d8c67ea393?s=128&d=identicon&r=PG&f=1",
        "display_name": "A. Jain",
        "link": "https://stackoverflow.com/users/6414306/a-jain"
      },
      "is_answered": false,
      "view_count": 11,
      "answer_count": 2,
      "score": -2,
      "last_activity_date": 1507130807,
      "creation_date": 1507129385,
      "question_id": 46568148,
      "link": "https://stackoverflow.com/questions/46568148/issue-in-sending-bulk-emails-using-php",
      "title": "issue in sending bulk emails using php"
    },
    {
      "tags": [
        "vue.js",
        "vuejs2",
        "vue-router"
      ],
      "owner": {
        "reputation": 1365,
        "user_id": 4230636,
        "user_type": "registered",
        "accept_rate": 100,
        "profile_image": "https://i.stack.imgur.com/288F8.jpg?s=128&g=1",
        "display_name": "Maciej Kwas",
        "link": "https://stackoverflow.com/users/4230636/maciej-kwas"
      },
      "is_answered": false,
      "view_count": 3,
      "answer_count": 0,
      "score": 0,
      "last_activity_date": 1507130805,
      "creation_date": 1507130805,
      "question_id": 46568609,
      "link": "https://stackoverflow.com/questions/46568609/cache-view-in-vue-js",
      "title": "cache view in vue.js"
    },
    {
      "tags": [
        "android",
        "android-layout",
        "expandablelistview"
      ],
      "owner": {
        "reputation": 10,
        "user_id": 2139092,
        "user_type": "registered",
        "profile_image": "https://www.gravatar.com/avatar/5f9790a7cf614de2d7bab317a5d3178c?s=128&d=identicon&r=PG",
        "display_name": "NathW",
        "link": "https://stackoverflow.com/users/2139092/nathw"
      },
      "is_answered": false,
      "view_count": 2,
      "answer_count": 0,
      "score": 0,
      "last_activity_date": 1507130805,
      "creation_date": 1507130805,
      "question_id": 46568610,
      "link": "https://stackoverflow.com/questions/46568610/change-image-in-expandable-listview",
      "title": "Change image in expandable listview"
    },
    {
      "tags": [
        "python",
        "python-2.7"
      ],
      "owner": {
        "reputation": 83,
        "user_id": 7096651,
        "user_type": "registered",
        "accept_rate": 73,
        "profile_image": "https://lh5.googleusercontent.com/-kukJg6_RD_A/AAAAAAAAAAI/AAAAAAAAAXM/WZnOuABNBkg/photo.jpg?sz=128",
        "display_name": "Henry Spike",
        "link": "https://stackoverflow.com/users/7096651/henry-spike"
      },
      "is_answered": false,
      "view_count": 27,
      "answer_count": 1,
      "score": 1,
      "last_activity_date": 1507130804,
      "creation_date": 1507130159,
      "last_edit_date": 1507130351,
      "question_id": 46568410,
      "link": "https://stackoverflow.com/questions/46568410/how-to-draw-this-bow-tie-pattern-using-python-2-7",
      "title": "How to draw this bow tie pattern using Python 2.7?"
    },
    {
      "tags": [
        "angularjs",
        "firebase",
        "angularfire2"
      ],
      "owner": {
        "reputation": 321,
        "user_id": 1241876,
        "user_type": "registered",
        "accept_rate": 50,
        "profile_image": "https://www.gravatar.com/avatar/6d69cb33ea9c23e47e3e897e53991e08?s=128&d=identicon&r=PG",
        "display_name": "Rajesh Jain",
        "link": "https://stackoverflow.com/users/1241876/rajesh-jain"
      },
      "is_answered": false,
      "view_count": 2,
      "answer_count": 0,
      "score": 0,
      "last_activity_date": 1507130803,
      "creation_date": 1507130803,
      "question_id": 46568606,
      "link": "https://stackoverflow.com/questions/46568606/namespace-firebase-has-no-exported-member-promise",
      "title": "Namespace'firebase' has no exported member 'Promise';"
    },
    {
      "tags": [
        "java",
        "tomcat",
        "struts2",
        "struts"
      ],
      "owner": {
        "reputation": 6,
        "user_id": 8689984,
        "user_type": "registered",
        "profile_image": "https://www.gravatar.com/avatar/2d02fa07ef70f9be2884f738c22a91c2?s=128&d=identicon&r=PG&f=1",
        "display_name": "mrrk",
        "link": "https://stackoverflow.com/users/8689984/mrrk"
      },
      "is_answered": false,
      "view_count": 5,
      "answer_count": 0,
      "score": 0,
      "last_activity_date": 1507130802,
      "creation_date": 1507128703,
      "last_edit_date": 1507130802,
      "question_id": 46567940,
      "link": "https://stackoverflow.com/questions/46567940/when-i-use-tomcat-filters-with-struts-regex-url-it-is-not-going-to-action-class",
      "title": "When I use tomcat filters with struts regex url, it is not going to action class"
    },
    {
      "tags": [
        "android",
        "android-activity"
      ],
      "owner": {
        "reputation": 30,
        "user_id": 2493686,
        "user_type": "registered",
        "profile_image": "https://www.gravatar.com/avatar/5b2384e09fc671bd436a48a670c81640?s=128&d=identicon&r=PG",
        "display_name": "CanProgram",
        "link": "https://stackoverflow.com/users/2493686/canprogram"
      },
      "is_answered": false,
      "view_count": 23,
      "answer_count": 2,
      "score": 1,
      "last_activity_date": 1507130801,
      "creation_date": 1507126175,
      "last_edit_date": 1507129430,
      "question_id": 46567046,
      "link": "https://stackoverflow.com/questions/46567046/how-to-quit-while-activities-are-in-stack-to-avoid-redrawing-during-logout-back",
      "title": "How to quit while activities are in stack (to avoid redrawing during logout/back)?"
    },
    {
      "tags": [
        "hl7-fhir",
        "fhir",
        "dstu2-fhir"
      ],
      "owner": {
        "reputation": 41,
        "user_id": 6053132,
        "user_type": "registered",
        "profile_image": "https://www.gravatar.com/avatar/783747cfa17f1d9c10ad1a9488d83aad?s=128&d=identicon&r=PG&f=1",
        "display_name": "Tayyab",
        "link": "https://stackoverflow.com/users/6053132/tayyab"
      },
      "is_answered": false,
      "view_count": 6,
      "answer_count": 2,
      "score": 0,
      "last_activity_date": 1507130800,
      "creation_date": 1507112914,
      "last_edit_date": 1507113767,
      "question_id": 46562642,
      "link": "https://stackoverflow.com/questions/46562642/enclosing-multiple-fhir-resource-in-a-single-resource",
      "title": "Enclosing multiple fhir resource in a single resource"
    },
    {
      "tags": [
        "c++"
      ],
      "owner": {
        "reputation": 3,
        "user_id": 8422746,
        "user_type": "registered",
        "profile_image": "https://www.gravatar.com/avatar/09f70e91764cc18c0364012ac611324d?s=128&d=identicon&r=PG&f=1",
        "display_name": "kti",
        "link": "https://stackoverflow.com/users/8422746/kti"
      },
      "is_answered": false,
      "view_count": 3,
      "answer_count": 0,
      "score": 0,
      "last_activity_date": 1507130794,
      "creation_date": 1507130794,
      "question_id": 46568603,
      "link": "https://stackoverflow.com/questions/46568603/serialization-c-breakpoint-error",
      "title": "Serialization C++ Breakpoint error"
    },
    {
      "tags": [
        "algorithm"
      ],
      "owner": {
        "reputation": 15,
        "user_id": 5450739,
        "user_type": "registered",
        "profile_image": "https://www.gravatar.com/avatar/cad9972457705b0a98222ca0c907c6b3?s=128&d=identicon&r=PG&f=1",
        "display_name": "Guillaume Guigue",
        "link": "https://stackoverflow.com/users/5450739/guillaume-guigue"
      },
      "is_answered": false,
      "view_count": 14,
      "answer_count": 0,
      "score": 0,
      "last_activity_date": 1507130792,
      "creation_date": 1507128242,
      "last_edit_date": 1507130792,
      "question_id": 46567775,
      "link": "https://stackoverflow.com/questions/46567775/hungarian-method-variant",
      "title": "Hungarian method variant"
    },
    {
      "tags": [
        "regex",
        "posix",
        "oracle-sqldeveloper",
        "regexp-substr",
        "posix-ere"
      ],
      "owner": {
        "reputation": 621,
        "user_id": 4184236,
        "user_type": "registered",
        "accept_rate": 79,
        "profile_image": "https://lh6.googleusercontent.com/--E1rubWN-04/AAAAAAAAAAI/AAAAAAAAAOA/UIG1KJoc3cg/photo.jpg?sz=128",
        "display_name": "Artemio Ramirez",
        "link": "https://stackoverflow.com/users/4184236/artemio-ramirez"
      },
      "is_answered": true,
      "view_count": 75,
      "accepted_answer_id": 46537258,
      "answer_count": 3,
      "score": 2,
      "last_activity_date": 1507130790,
      "creation_date": 1506967872,
      "last_edit_date": 1506969093,
      "question_id": 46531249,
      "link": "https://stackoverflow.com/questions/46531249/posix-ere-regular-expression-to-find-repeated-substring",
      "title": "POSIX ERE Regular expression to find repeated substring"
    },
    {
      "tags": [
        "html",
        "contenteditable"
      ],
      "owner": {
        "reputation": 164,
        "user_id": 2059909,
        "user_type": "registered",
        "accept_rate": 0,
        "profile_image": "https://i.stack.imgur.com/iNlLR.jpg?s=128&g=1",
        "display_name": "Harry Binswanger",
        "link": "https://stackoverflow.com/users/2059909/harry-binswanger"
      },
      "is_answered": false,
      "view_count": 7,
      "answer_count": 0,
      "score": -1,
      "last_activity_date": 1507130790,
      "creation_date": 1507130471,
      "last_edit_date": 1507130790,
      "question_id": 46568510,
      "link": "https://stackoverflow.com/questions/46568510/on-a-local-htm-file-how-to-edit-and-save-in-a-browser",
      "title": "On a local .htm file, how to edit and save in a browser"
    }
  ],
  "has_more": true,
  "quota_max": 300,
  "quota_remaining": 299
}